link,saved
https://www.otomoto.pl/oferta/citroen-c4-citroen-c4-pierwszy-wlasciciel-stan-idealny-bezwypadkowy-ID6FjfDk.html,0
https://www.otomoto.pl/oferta/citroen-c4-citroen-c4-1-6-vti-seduction-piekny-zadbany-ID6FckAW.html,0
https://www.otomoto.pl/oferta/citroen-c4-citroen-c4-1-6-vti-pierwszy-wlasciciel-ID6FjUaW.html,0
https://www.otomoto.pl/oferta/citroen-c4-1-2-puretech-salon-polska-1-wlasciciel-serwis-aso-klimatronic-ID6FiRFf.html,0
https://www.otomoto.pl/oferta/citroen-c4-nawigacja-niski-przebieg-102-tys-ID6FjHCo.html,1
https://www.otomoto.pl/oferta/citroen-c4-citroen-c4-polski-salon-ID6Fj2Oq.html,0
https://www.otomoto.pl/oferta/citroen-c4-zarejestrowany-ID6Fibn8.html,0
https://www.otomoto.pl/oferta/citroen-c4-1-6-benz-climatronic-parktronic-grzane-fotele-z-niemiec-ID6FiPnf.html,0
https://www.otomoto.pl/oferta/citroen-c4-automat-navi-czarny-ID6ETRMe.html,0
https://www.otomoto.pl/oferta/citroen-c4-benzyna-fajny-zdrowy-zadbany-klima-5-drzwi-100-bezwypadkowy-ID6FjIW9.html,0
https://www.otomoto.pl/oferta/citroen-c4-navi-klimatronik-fuul-serwis-ID6FhxPW.html,0
https://www.otomoto.pl/oferta/citroen-c4-1-6-vti-120-km-klimatyzacja-manual-stan-bdb-raty-zamiana-ID6FkANn.html,0
https://www.otomoto.pl/oferta/citroen-c4-1-6-vti-exclusive-salon-polska-1-wlasciciel-serwis-aso-ID6FgNhK.html,0
https://www.otomoto.pl/oferta/citroen-c4-niski-przebieg-klimatyzacja-bogate-wyposazenie-mozliwosc-finansowania-ID6FjoNy.html,0
https://www.otomoto.pl/oferta/citroen-c4-citroen-c4-1-6-hdi-exclusive-panorama-zadbany-hak-bogata-wersja-ID6FiKGc.html,0
https://www.otomoto.pl/oferta/citroen-c4-2012r-salonowy-bezwypadkowy-1-6-pb-ID6FktHL.html,0
https://www.otomoto.pl/oferta/citroen-c4-bardzo-ladny-tylko-137-000km-zarejestrowany-gwarancja-ID6FiIAl.html,0
https://www.otomoto.pl/oferta/citroen-c4-citroen-c4-bezwypadkowy-ID6F7WJv.html,0
https://www.otomoto.pl/oferta/citroen-c4-95-tys-km-ID6Fey8T.html,0
https://www.otomoto.pl/oferta/citroen-c4-idealny-z-niemiec-1-4-benzyna-oplacony-gwarancja-serwisowany-ID6Fhnya.html,0
https://www.otomoto.pl/oferta/citroen-c4-1-wlsciciel-skrzynia-automatyczna-95tys-przebieg-idealny-ID6Fbump.html,0
https://www.otomoto.pl/oferta/citroen-c4-citroen-c4-ii-1-2-benzyna-131kmklimatronikgrzane-fotelesensorypdc-ID6Fk5yo.html,0
https://www.otomoto.pl/oferta/citroen-c4-1-6hdi-92ps-climtronic-grzane-fotele-zobacz-jaki-ladny-ostrowek-ID6EV3cz.html,0
https://www.otomoto.pl/oferta/citroen-c4-citroen-c4-ii-1-6hdi-salon-polska-ID6FiDNh.html,0
https://www.otomoto.pl/oferta/citroen-c4-citroen-c4-1-6-hdi-salon-polska-123-tys-km-serwisowany-aso-f-vat-23-ID6Fkkee.html,0
https://www.otomoto.pl/oferta/citroen-c4-citroen-c4-1-6-hdi-2014r-ID6FdY3p.html,0
https://www.otomoto.pl/oferta/citroen-c4-citroen-c4-lift-bezwypadkowy-klimatyzacja-led-ID6Fj9In.html,0
https://www.otomoto.pl/oferta/citroen-c4-klimatron-potwierdzony-przebieg-gwarancja-zakup-door-to-door-ID6EIA4b.html,0
https://www.otomoto.pl/oferta/citroen-c4-1-6-vti-120-km-automat-klimatronik-tempomat-alu-serwis-133-tkm-ID6EWgFj.html,0
https://www.otomoto.pl/oferta/citroen-c4-1-6i-120km-exclusive-masaz-pano-navi-denon-alu-pdc-serwis-gwarancjia-ID6FhAj7.html,0
https://www.otomoto.pl/oferta/citroen-c4-pierwszy-wlasciciel-w-polsce-ID6FkaAn.html,0
https://www.otomoto.pl/oferta/citroen-c4-citroen-c4-2012-rok-1-6-diesel-bez-dwumasysy-l-diesel-ID6FkaHP.html,0
https://www.otomoto.pl/oferta/citroen-c4-klimatronik-alu-6-air-bag-ladny-ID6Fk6re.html,0
https://www.otomoto.pl/oferta/citroen-c4-1-6hdi-110km-klimatronic-tempomat-grzane-fotele-oplacony-ID6FiAdw.html,0
https://www.otomoto.pl/oferta/citroen-c4-salon-polska-bezwypadkowy-serwis-w-aso-ID6EXPvl.html,0
https://www.otomoto.pl/oferta/citroen-c4-salon-polska-1-wlasciciel-klimatyzacja-tempomat-ID6EIm4G.html,0
https://www.otomoto.pl/oferta/citroen-c4-nawiledlifthalogenybluetoothczujniki-parkowaniagwarancja-ID6FieVU.html,0
https://www.otomoto.pl/oferta/citroen-c4-1-6-e-hdi-92-km-rp-2013-navi-klimatronik-zarejestrowany-ID6FcXki.html,0
https://www.otomoto.pl/oferta/citroen-c4-citroen-c4-dotykowe-radio-nawigacja-ID6F9NZg.html,0
https://www.otomoto.pl/oferta/citroen-c4-salon-polska-1-wlasciciel-1-2-benz-110-km-bezwypadkowy-nie-lakierowany-ID6F9GM4.html,0
https://www.otomoto.pl/oferta/citroen-c4-z-niemiec-1-6-benzyna-120km-alu-serwis-cz-parkowania-sw-przeciw-ID6FgUgz.html,0
https://www.otomoto.pl/oferta/citroen-c4-gwarancja-1-rok-klimatronik-wymieniony-rozrzad-bardzo-ladny-ID6FehyW.html,0
https://www.otomoto.pl/oferta/citroen-c4-ID6FiVpO.html,0
https://www.otomoto.pl/oferta/citroen-c4-1-6hdi-112km-navi-klimatronic-alufelgi-zamiana-ID6FiW8e.html,0
https://www.otomoto.pl/oferta/citroen-c4-rezerwacja-ID6Fi8xD.html,0
https://www.otomoto.pl/oferta/citroen-c4-alu-navi-2013r-ID6FbdgA.html,0
https://www.otomoto.pl/oferta/citroen-c4-1-6benz-120km-klimatr-parktr-alu-navi-temp-oplacony-gwarancja-ID6FiUv3.html,0
https://www.otomoto.pl/oferta/citroen-c4-ID6FgTFe.html,0
https://www.otomoto.pl/oferta/citroen-c4-citroen-c4-vti-selection-aut-1-6-automat-ID6FioTW.html,0
https://www.otomoto.pl/oferta/citroen-c4-idealny-stan-auto-bezwypadkowe-serwisowane-aso-ID6Fh91S.html,0
https://www.otomoto.pl/oferta/citroen-c4-1-6-vti-120km-fv23-navi-czujniki-usb-isofix-multifunkcja-ID6FgkUS.html,0
https://www.otomoto.pl/oferta/citroen-c4-1-6-vti-salon-polska-klimatronic-tempomat-parktronic-ID6FiRcx.html,0
https://www.otomoto.pl/oferta/citroen-c4-2-0d-150km-stan-ideal-org-lakier-full-aso-porozrzadzie-alu16-dunczyk-ID6F1YlZ.html,0
https://www.otomoto.pl/oferta/citroen-c4-oplacony-klimatronik-komputer-elektryka-stan-bdb-ID6Fi24t.html,0
https://www.otomoto.pl/oferta/citroen-c4-super-miejskie-autko-dla-kla-kazdego-ID6Fi1Vr.html,0
https://www.otomoto.pl/oferta/citroen-c4-citroen-c4-ii-1-6-hdi-navi-climatronic-zarejestrowany-ID6F39j2.html,0
https://www.otomoto.pl/oferta/citroen-c4-1-6-120-km-pdc-usb-aux-gwarancja-finansowanie-ID6Fi0MG.html,0
https://www.otomoto.pl/oferta/citroen-c4-bezwypadkowy-niski-przebieg-ID6Fggne.html,0
https://www.otomoto.pl/oferta/citroen-c4-1-6i-nawigacja-czujniki-cofania-podgrzewane-fotele-opony-lato-zima-ID6EmHTd.html,0
https://www.otomoto.pl/oferta/citroen-c4-ID6FafJ4.html,0
https://www.otomoto.pl/oferta/citroen-c4-exclusive-automat-navi-perfekcyjny-mozliwa-zamiana-ID6FgLz6.html,0
https://www.otomoto.pl/oferta/citroen-c4-1-6-hdi-super-stan-ID6FcxRc.html,0
https://www.otomoto.pl/oferta/citroen-c4-citroen-c4-1-6-hdi-live-diesel-reczna-99-hp-ID6F6CVE.html,0
https://www.otomoto.pl/oferta/citroen-c4-salon-polska-bezwypadkowy-pierwszy-wlasciciel-panoramiczny-dach-ID6F4sCd.html,0
https://www.otomoto.pl/oferta/citroen-c4-sprawdz-nasza-oferte-odwiedz-nas-salonpl-1wl-serwis-morelife-papis-ID6FjA4y.html,0
https://www.otomoto.pl/oferta/citroen-c4-2-0hdi-150km-exclusive-pano-xenon-skora-navi-masaz-serwis-gwarancjia-ID6F8Jm5.html,0
https://www.otomoto.pl/oferta/citroen-c4-1-6-hdi-92-km-klimatyzacja-super-stan-okazja-ID6FbQLL.html,0
https://www.otomoto.pl/oferta/citroen-c4-1-2-lift-110ps-led-navi-g-fotel-parktr-tempomat-oplacony-niemcy-ID6FaRKt.html,0
https://www.otomoto.pl/oferta/citroen-c4-okazja-bezwypadkowy-serwis-1-4benz-bogate-wyposazenie-ID6F8OmW.html,0
https://www.otomoto.pl/oferta/citroen-c4-instalacja-gazowa-ID6FiD6d.html,0
https://www.otomoto.pl/oferta/citroen-c4-navi-klimatronic-podgrz-fotele-parktronic-serwisaso-1-reka-gwarancja-ID6FjvvM.html,0
https://www.otomoto.pl/oferta/citroen-c4-citroen-c4-grand-picasso-bezwypadkowa-biala-perla-ID6Fi3uP.html,0
https://www.otomoto.pl/oferta/citroen-c4-pierwszy-wlasciciel-w-polsce-stan-idealny-ID6Fcgg7.html,0
https://www.otomoto.pl/oferta/citroen-c4-citroen-c4-2013r-1-4-b-90km-klima-hak-serwis-ID6F2bv2.html,0
https://www.otomoto.pl/oferta/citroen-c4-exclusiveparktronikipodgrzewane-fotele-klimatroniktempomat-ID6F1F0v.html,0
https://www.otomoto.pl/oferta/citroen-c4-1-6-vti-120km-serwis-polecam-ID6EO4X3.html,0
https://www.otomoto.pl/oferta/citroen-c4-bezwypadkowy-oryg-lakier-120km-ID6FguNN.html,0
https://www.otomoto.pl/oferta/citroen-c4-citroen-c4-1-4-90-koni-szwajcaria-ID6FjfNx.html,0
https://www.otomoto.pl/oferta/citroen-c4-bardzo-zadbany-egzemplarz-bezwypadkowy-nie-palone-bogata-wersja-ID6FhSAI.html,0
https://www.otomoto.pl/oferta/citroen-c4-1-6-hdi-92ps-oplacony-ID6F8k6R.html,0
https://www.otomoto.pl/oferta/citroen-c4-z-niemiec-1-6-diesel-alu-serwis-cz-parkowania-sw-przeciwmgielne-ID6EWzPs.html,0
https://www.otomoto.pl/oferta/citroen-c4-c4-zadbany-bezwypadkowy-z-oryginalnym-przebiegiem-ID6F9NX8.html,0
https://www.otomoto.pl/oferta/citroen-c4-c4-ID6FjdAJ.html,0
https://www.otomoto.pl/oferta/citroen-c4-zarejestrowany-klimatyzacja-gwarancja-na-przebieg-ID6Fb04d.html,0
https://www.otomoto.pl/oferta/citroen-c4-citroen-c4-lift-2015r-zadbane-piekne-autko-78tys-km-ID6FhOjy.html,0
https://www.otomoto.pl/oferta/citroen-c4-citroen-c4-2012-1-6hdi-klimatronik-tempomat-niski-przebieg-ID6FdoCF.html,0
https://www.otomoto.pl/oferta/citroen-c4-bezwypadkowy-1-6d-klimatronik-ID6Fgq9w.html,0
https://www.otomoto.pl/oferta/citroen-c4-c4-1-2-puretech-morelife-ID6Fgp9R.html,0
https://www.otomoto.pl/oferta/citroen-c4-1-4i-oplacony-stan-idealny-zarej-w-pl-ID6EFKWl.html,0
https://www.otomoto.pl/oferta/citroen-c4-citroen-c4-tablet-kamera-rejestrator-ID6Fgm43.html,0
https://www.otomoto.pl/oferta/citroen-c4-exclusive-1-6-hdi-93-tys-przebiegu-ID6Fj8ec.html,0
https://www.otomoto.pl/oferta/citroen-c4-piekny-1-6-hdi-92ps-ori-lakier-przebieg-serwis-aso-bezwypadkowy-ID6ETKyq.html,0
https://www.otomoto.pl/oferta/citroen-c4-ID6F5Zbm.html,0
https://www.otomoto.pl/oferta/citroen-c4-1-6hdi-112km-klima-pdc-oplaty-bezwypadkowy-serwis-gwarancja-ID6Far4y.html,0
https://www.otomoto.pl/oferta/citroen-c4-klimatyzacja-bluetooth-manual-ID6EDaYl.html,0
